# Channel 0,Channel 1
1.207668869859307534e+02,-2.812323944534631437e+02
