# Channel 0,Channel 1
2.877271436688311468e+01,8.705040370670995742e+01
