# scanner amplitude (rad),coefficients (in ascending order)
3.331309772672657044e-01,9.971115840235625916e-01,-4.108237056689567797e-03,-1.725470722572186545e-03
