# line width (m), coefficients
1.500000000000000031e-03,9.825380144213546885e-01,-3.257248022149001940e+02,-1.506989461234926246e+06,1.959078331132963002e+08,7.852657996264506836e+11
