# dx (m), dy (m)
1.871573327526132591e-02,1.280970383275292779e-04
