# dx (m), dy (m)
8.578396264855688014e-03,2.363629881154405421e-04
