# scanner amplitude (rad),coefficients (in ascending order)
4.166666666666666297e-01,9.993363118881301022e-01,1.240100149279722841e-02,-1.178652796520145291e-01
