# dx (m), dy (m)
-4.007162500000000654e-02,-9.251456250000004988e-03
