# Channel 0,Channel 1
1.061583291883116544e+02,2.730499909090909227e+01
