# Channel 0,Channel 1
1.062770464722938186e+02,3.712213300579895758e+01
