# Channel 0,Channel 1
8.872536710695877105e+01,2.924936319265464846e+01
