# Channel 0,Channel 1
-4.110722090909091264e+01,-3.075647030844156049e+01
