# Channel 0,Channel 1
7.322590937500000052e+01,3.722617791118420172e+01
